{"cameraMode":{"drawMode":0,"name":"Shaded","section":"Shading Mode"},"sceneLighting":true,"audioPlay":false,"sceneViewState":{"showFog":true,"showMaterialUpdate":false,"showSkybox":true,"showFlares":true,"showImageEffects":true,"showParticleSystems":true},"in2DMode":false,"pivot":{"x":0.02349090576171875,"y":0.115234375,"z":-0.1336669921875},"rotation":{"x":0.2793099284172058,"y":-0.051819249987602237,"z":0.015097414143383503,"w":0.9586828351020813},"size":0.10328993946313858,"orthographic":true}