{"cameraMode":{"drawMode":0,"name":"Shaded","section":"Shading Mode"},"sceneLighting":false,"audioPlay":false,"sceneViewState":{"showFog":true,"showMaterialUpdate":false,"showSkybox":false,"showFlares":true,"showImageEffects":true,"showParticleSystems":true},"in2DMode":false,"pivot":{"x":0.012499995529651642,"y":0.009999999776482582,"z":-0.012499995529651642},"rotation":{"x":0.16567277908325196,"y":-0.02662314474582672,"z":0.004477157723158598,"w":0.9858171343803406},"size":0.15941298007965089,"orthographic":true}